,wfs (G),H2
a0,-1.0576378847252028,-0.8986046216527701
a1,0.12737177557300194,0.1473856222669258
a2,25.26022609029042,17.704902714796344
